---------------------------------
USE BBQRestaurantManagement
---------------------------------------------------------------------------------------------------------------------------------------------
/*																																			*/
/*																		INSERT DATA															*/
/*																																			*/
---------------------------------------------------------------------------------------------------------------------------------------------
-------------------------------------------------------------------------------------------------------------------------------------------------------
go
INSERT INTO Staff_Position(IDPosition,Position) VALUES
('POS001',N'Quản lí'),
('POS002',N'Thu Ngân'),
('POS003',N'Phục vụ')
-------------------------------------------------------------------------------------------------------------------------------------------------------
INSERT INTO Staff(StaffID,NameStaff,NumberPhone,Position) VALUES
('ADMIN001',N'Nguyễn Trường An','0364969450','POS001'),
('MAN002',N'Nguyễn Thành Lợi','0364125263','POS001'),
('MAN003',N'Huỳnh Minh Trí','0364956256','POS001'),
('MAN004',N'Trần Đỗ Thanh An','0364562321','POS001'),
('CAS005',N'Mai Anh Khoa','0364562321','POS002'),
('CAS006',N'Lê Minh Anh','0364562321','POS002'),
('CAS007',N'Trần Đức Trung','0364562321','POS002'),
('CAS008',N'Trần Đức Hiếu','0364562322','POS002'),
('CAS009',N'Trần Văn Trung','0364562323','POS002'),
('WAIT008',N'Nguyễn Văn Hoàng','0364562321','POS003'),
('WAIT009',N'Lê Xuân Huỳnh','0364562321','POS003')
-------------------------------------------------------------------------------------------------------------------------------------------------------
INSERT INTO Account(AccountID,Passwords) VALUES
('ADMIN001','@123456'),
('MAN002','@123456'),
('MAN003','@123456'),
('MAN004','@123456'),
('CAS005','@123456'),
('CAS006','@123456'),
('CAS007','@123456'),
('CAS008','@123456'),
('CAS009','@123456')
-------------------------------------------------------------------------------------------------------------------------------------------------------
INSERT INTO Customers (CustomerID, NameCustomer, NumberPhone)VALUES
('CUS001', 'John Smith', '123-456-7890'),
('CUS002', 'Jane Doe', '555-555-1212'),
('CUS003', 'Bob Johnson', '999-999-9999'),
('CUS004', 'Sarah Johnson', '555-123-4567'),
('CUS005', 'David Lee', '777-888-9999'),
('CUS006', 'Emily Chen', '123-456-7890'),
('CUS007', 'Jason White', '443-234-9820'),
('CUS008', 'William Holmes', '531-238-4920'),
('CUS009', 'Martin Abbott', '321-235-1123'),
('CUS010', 'Susan Bafford', '320-123-4029'),
('CUS011', 'Emily Watson', '123-342-2048'),
('CUS012', 'Thiago Silva', '130-452-1938'),
('CUS013', 'Edouard Mendy', '372-381-8753'),
('CUS014', 'Mason Mount', '333-123-5482'),
('CUS015', 'Joao Felix', '123-319-1219'),
('CUS016', 'Hakim Ziyech', '343-339-3821'),
('CUS017', 'LeBron James', '333-112-3462'),
('CUS018', 'Nikola Jokic', '172-001-3481'),
('CUS019', 'Stephen Curry', '772-092-1893'),
('CUS020', 'Trae Young', '871-333-2917'),
('CUS021', 'Kevon Looney', '882-198-4781'),
('CUS022', 'Bol Bol', '222-111-3339'),
('CUS023', 'Leonardo DiCaprio', '103-838-3920'),
('CUS024', 'Michael Jordan', '131-332-4910'),
('CUS025', 'Kevin Hart', '910-312-4456'),
('CUS026', 'Dwayne Johnson', '392-222-3213'); 
-------------------------------------------------------------------------------------------------------------------------------------------------------
INSERT INTO StatusInvoice(StatusInvoiceID, NameStatusInvoice) VALUES
('STATUS001', 'Pending'),
('STATUS002', 'Paid'),
('STATUS003', 'Cancelled'),
('STATUS004', 'Checked in'),
('STATUS005', 'Checked out')
-------------------------------------------------------------------------------------------------------------------------------------------------------
INSERT INTO StatusInvoice_Details(InvoiceDetailsID, CheckIn_Time, CheckOut_Time, StatusInvoice) VALUES
('DEID001', null, null, 'STATUS002'),
('DEID002', null, null, 'STATUS002'),
('DEID003', null, null, 'STATUS001'),
('DEID004', '09:49:12', null, 'STATUS004'),
('DEID005', null, null, 'STATUS003'),
('DEID006', '12:30:23', '13:41:32', 'STATUS005'),
('DEID007', null, null, 'STATUS002'),
('DEID008', null, null, 'STATUS003'),
('DEID009', '18:22:32', null, 'STATUS004'),
('DEID010', '08:13:21', '09:32:02', 'STATUS005'),
('DEID011', null, null, 'STATUS001'),
('DEID012', '18:32:32', '19:32:32', 'STATUS005'),
('DEID013', '15:33:23', '16:32:32', 'STATUS005'),
('DEID014', '09:00:32', '10:32:32', 'STATUS005'),
('DEID015', '11:10:21', '12:32:01', 'STATUS005'),
('DEID016', '08:00:11', '09:15:21', 'STATUS005'),
('DEID017', '18:21:33', '19:00:32', 'STATUS005'),
('DEID018', null, null, 'STATUS002'),
('DEID019', '20:00:32', '21:12:09', 'STATUS005'),
('DEID020', '17:00:32', '18:18:09', 'STATUS005'),
('DEID021', '14:52:33', '16:10:11', 'STATUS005'),
('DEID022', '19:01:22', '20:09:31', 'STATUS005'),
('DEID023', '13:32:32', '14:32:32', 'STATUS005'),
('DEID024', '18:54:21', '20:00:03', 'STATUS005'),
('DEID025', '15:33:11', '16:32:32', 'STATUS005'),
('DEID026', '18:32:43', '19:32:32', 'STATUS005'),
('DEID027', '07:23:01', '08:13:03', 'STATUS002'),
('DEID028', '13:00:00', null, 'STATUS004'),
('DEID029', null, null, 'STATUS003'),
('DEID030', '18:00:32', null, 'STATUS004'),
('DEID031', null, null, 'STATUS002'),
('DEID032', null, null, 'STATUS003'),
('DEID033', '17:41:32', '19:10:00', 'STATUS002'),
('DEID034', null, null, 'STATUS003'),
('DEID035', null, null, 'STATUS001'),
('DEID036', null, null, 'STATUS001')

-------------------------------------------------------------------------------------------------------------------------------------------------------
INSERT INTO Invoice(InvoiceID, CreationTime, Price,Discount, InvoiceDetails) VALUES
('IN001', '2023/02/12 18:32:43', 1220000,0, 'DEID001'),
('IN002', '2023/03/12 14:11:43', 84000,0, 'DEID002'),
('IN003', '2022/07/11 06:32:43', 428000,0, 'DEID003'),
('IN004', '2021/04/16 13:11:21', 290000,0, 'DEID004'),
('IN005', '2023/01/01 23:11:43', 1900000,0, 'DEID005'),
('IN006', '2019/12/05 14:11:43', 160000,0, 'DEID006'),
('IN007', '2022/08/31 16:10:32', 420000,0, 'DEID007'),
('IN008', '2023/01/31 18:40:43', 270000,0, 'DEID008'),
('IN009', '2021/06/23 19:11:43', 1920000,0, 'DEID009'),
('IN010', '2022/03/22 23:32:43', 300000,0, 'DEID010'),
('IN011', '2022/02/14 12:32:43', 2180000,0, 'DEID011'),
('IN012', '2022/09/01 10:11:23', 3600000,0, 'DEID012'),
('IN013', '2021/01/12 09:00:12', 2500000,0, 'DEID013'),
('IN014', '2022/06/27 07:40:43', 202000,0, 'DEID014'),
('IN015', '2022/03/27 11:32:43', 190000,0, 'DEID015'),
('IN016', '2023/03/20 18:00:01', 340000,0, 'DEID016'),
('IN017', '2023/05/02 18:55:43', 360000,0, 'DEID017'),
('IN018', '2023/02/26 20:17:12', 210000,0, 'DEID018'),
('IN019', '2023/02/12 20:32:12', 2450000,0, 'DEID019'),
('IN020', '2021/05/17 19:10:17', 1560000,0, 'DEID020'),
('IN021', '2021/09/30 13:19:41', 390000,0, 'DEID021'),
('IN022', '2022/04/12 14:12:03', 720000,0, 'DEID022'),
('IN023', '2022/11/06 15:16:06', 345000,0, 'DEID023'),
('IN024', '2021/12/12 10:18:07', 186000,0, 'DEID024'),
('IN025', '2022/03/04 18:12:01', 200000,0, 'DEID025'),
('IN026', '2023/01/05 20:32:43', 400000,0, 'DEID026'),
('IN027', '2023/02/04 08:12:02', 150000,0, 'DEID027'),
('IN028', '2023/02/04 14:13:02', 1020000,0, 'DEID028'),
('IN029', '2023/03/01 18:30:32', 200000,0, 'DEID029'),
('IN030', '2023/01/19 17:30:32', 800000,0, 'DEID030'),
('IN031', '2023/03/22 21:00:01', 640000,0, 'DEID031'),
('IN032', '2023/04/11 22:01:49', 250000,0, 'DEID032'),
('IN033', '2023/04/04 19:02:00', 72000,0, 'DEID033'),
('IN034', '2023/02/28 10:32:11', 100000,0, 'DEID034'),
('IN035', '2023/01/28 12:48:21', 20000,0, 'DEID035'),
('IN036', '2023/05/01 13:50:21', 60000,0, 'DEID036')
-------------------------------------------------------------------------------------------------------------------------------------------------------
INSERT INTO TablesCustomer(TablesID,MaxSeats,Status) VALUES
('TAB001', 4,1),
('TAB002', 4,1),
('TAB003', 4,1),
('TAB004', 5,1),
('TAB005', 5,1),
('TAB006', 5,1),
('TAB007', 6,1),
('TAB008', 6,1),
('TAB009', 6,1),
('TAB010', 5,1),
('TAB011', 5,1),
('TAB012', 5,1),
('TAB013', 8,0),
('TAB014', 6,0),
('TAB015', 4,0),
('TAB016', 2,0),
('TAB017', 2,0),
('TAB018', 2,0),
('TAB019', 2,0),
('TAB020', 2,0),
('TAB021', 4,0),
('TAB022', 4,0),
('TAB023', 4,0),
('TAB024', 4,0),
('TAB025', 4,0),
('TAB026', 4,0),
('TAB027', 4,0),
('TAB028', 4,0),
('TAB029', 4,0),
('TAB030', 4,0),
('TAB031', 4,0),
('TAB032', 4,0),
('TAB033', 4,0),
('TAB034', 4,0),
('TAB035', 4,0);
-------------------------------------------------------------------------------------------------------------------------------------------------------
INSERT INTO BookingStatus (IDStatus,NameStatus) VALUES	
('BSTA001','Waiting'),
('BSTA002','Approved'),
('BSTA003','Cancel');
-------------------------------------------------------------------------------------------------------------------------------------------------------
INSERT INTO Booking (BookingID,BookingDate,BookingStatus,Duration,Note,NumberCustomer,CustomerBooking,TableBooking,BookingInvoice) VALUES	
('BI001','2022/03/04','BSTA002',3,'None note',1,'CUS001','TAB001','IN001'),
('BI002','2021/03/04','BSTA002',4,'None note',2,'CUS002','TAB002','IN002'),
('BI003','2023/06/01','BSTA002',5,'None note',3,'CUS003','TAB003','IN003'),
('BI004','2023/06/04','BSTA002',2,'None note',4,'CUS004','TAB004','IN004'),
('BI005','2023/01/04','BSTA002',6,'None note',5,'CUS005','TAB005','IN005'),
('BI006','2022/02/04','BSTA002',3,'None note',4,'CUS006','TAB006','IN006'),
('BI007','2022/03/03','BSTA002',3,'None note',3,'CUS007','TAB007','IN007'),
('BI008','2022/03/05','BSTA002',2,'None note',3,'CUS008','TAB008','IN008'),
('BI009','2022/03/07','BSTA002',3,'None note',2,'CUS009','TAB009','IN009'),
('BI010','2023/03/08','BSTA002',4,'None note',2,'CUS010','TAB010','IN010'),
('BI011','2023/03/09','BSTA002',3,'None note',6,'CUS011','TAB011','IN011'),
('BI012','2022/05/04','BSTA002',5,'None note',7,'CUS012','TAB012','IN012'),
('BI013','2022/06/04','BSTA002',3,'None note',5,'CUS013','TAB001','IN013'),
('BI014','2022/08/04','BSTA002',2,'None note',5,'CUS014','TAB002','IN014'),
('BI015','2022/07/04','BSTA002',3,'None note',3,'CUS015','TAB003','IN015'),
('BI016','2022/03/06','BSTA002',4,'None note',5,'CUS016','TAB004','IN016'),
('BI017','2022/03/05','BSTA002',4,'None note',5,'CUS017','TAB005','IN017'),
('BI018','2022/06/04','BSTA002',3,'None note',5,'CUS018','TAB006','IN018'),
('BI019','2022/04/04','BSTA002',5,'None note',6,'CUS019','TAB007','IN019'),
('BI020','2022/03/04','BSTA002',5,'None note',2,'CUS020','TAB008','IN020'),
('BI021','2022/02/04','BSTA003',3,'None note',7,'CUS021','TAB009',null),
('BI022','2022/03/04','BSTA001',3,'None note',3,'CUS022','TAB010',null),
('BI023','2022/01/04','BSTA001',3,'None note',3,'CUS023','TAB011',null),
('BI024','2022/02/04','BSTA001',2,'None note',5,'CUS024','TAB012',null),
('BI025','2022/03/01','BSTA001',3,'None note',6,'CUS025','TAB011',null),
('BI026','2022/03/02','BSTA001',4,'None note',6,'CUS026','TAB001',null),
('BI027','2023/01/02','BSTA003',4,'None note',6,'CUS001','TAB001',null),
('BI028','2023/01/21','BSTA003',4,'None note',6,'CUS002','TAB009',null),
('BI029','2022/12/31','BSTA001',4,'None note',6,'CUS003','TAB010',null),
('BI030','2022/11/29','BSTA003',4,'None note',6,'CUS004','TAB012',null),
('BI031','2023/03/02','BSTA003',4,'None note',6,'CUS005','TAB011',null),
('BI032','2023/01/02','BSTA003',4,'None note',6,'CUS006','TAB010',null),
('BI033','2023/04/02','BSTA001',4,'None note',6,'CUS007','TAB012',null),
('BI034','2023/02/02','BSTA001',4,'None note',6,'CUS008','TAB002',null),
('BI035','2023/01/02','BSTA001',4,'None note',6,'CUS009','TAB004',null),
('BI036','2023/04/02','BSTA003',4,'None note',6,'CUS010','TAB004',null);
-------------------------------------------------------------------------------------------------------------------------------------------------------
INSERT INTO Product_Type (IDType, ProductType) VALUES
('PROTYPE001', 'Barbecue'),
('PROTYPE002', 'Hotpot'),
('PROTYPE003', 'Snack'),
('PROTYPE004', 'Soft drink'),
('PROTYPE005', 'Beer'),
('PROTYPE006', 'Wine'),
('PROTYPE007', 'Milk tea');
-------------------------------------------------------------------------------------------------------------------------------------------------------
INSERT INTO Product (ProductID, NameProduct, Price, Description, ProductState, Product_Type) VALUES 
('PRO001', 'Combo BBQ 1', 200000, 'Beef brisket, green catfish, octopus',  1, 'PROTYPE001'),
('PRO002', 'Combo BBQ 2', 150000, 'Beef chuck eye roll, beef rib finger', 1, 'PROTYPE001'),
('PRO003', 'Combo BBQ 3', 200000, 'Prawn, squid with salt & chilli sauce, green catfish, foil grilled yellowtail catfish', 1, 'PROTYPE001'),
('PRO004', 'Combo BBQ 4', 100000, 'Pork ribs, pork collar, pork belly', 1, 'PROTYPE001'),
('PRO005', 'Mushroom broth', 300000, 'Chuck steak, minced beef stuffed in bamboo', 1, 'PROTYPE002'),
('PRO006', 'Tomyum broth', 320000, 'Green mussels, giant river prawn', 1, 'PROTYPE002'),
('PRO007', 'Sukiyaki broth', 300000, 'Beef volcano, short plate, blossom brisket', 1, 'PROTYPE002'),
('PRO008', 'Bulgogi broth', 250000, 'Pork belly, tofu', 1, 'PROTYPE002'),
('PRO009', 'Sichuan broth', 340000, 'Tuna fillet, red tilapia fillet', 1, 'PROTYPE002'),
('PRO010', 'Fried potato', 30000, 'Fried potato with cheese shake', 1, 'PROTYPE003'),
('PRO011', 'Soup', 20000, 'Chicken bones broth and eggs, crab meat', 1, 'PROTYPE003'),
('PRO012', 'Coca Cola', 10000, 'Soft drink', 1, 'PROTYPE004'),
('PRO013', 'Sprite', 10000, 'Soft drink with lemon flavor', 1, 'PROTYPE004'),
('PRO014', 'Fanta', 10000, 'Soft drink with orange flavor', 1, 'PROTYPE004'),
('PRO015', 'Heineken', 12000, 'Beer', 1, 'PROTYPE005'),
('PRO016', 'Budweiser', 12000, 'Beer', 1, 'PROTYPE005'),
('PRO017', 'Penfolds', 50000, 'Australia wine', 1, 'PROTYPE006'),
('PRO018', 'Scharzhof', 52000, 'German wine', 1, 'PROTYPE006'),
('PRO019', 'Hong Kong tranditional milk tea', 30000, 'matcha tea with milk and bubble', 1, 'PROTYPE007'),
('PRO020', 'Koi milk tea', 30000, 'Black tea and milk mixed with bubbles or fruit jelly', 1, 'PROTYPE007'),
('PRO021', 'Taiwanese milk tea', 25000, 'Brown sugar syrup and strong black tea with creamy milk', 1, 'PROTYPE007');
-------------------------------------------------------------------------------------------------------------------------------------------------------
INSERT INTO Orders (OrderID, DatetimeOrder, StateOrder, CustomerOrder, OrderStaff, Invoice, TableID) VALUES 
('ORD001', '2023/02/12', 1, 'CUS001', 'ADMIN001', 'IN001','TAB001'),
('ORD002', '2023/03/12', 1, 'CUS002', 'CAS005', 'IN002','TAB002'),
('ORD003', '2022/07/11', 1, 'CUS003', 'CAS005', 'IN003','TAB003'),
('ORD004', '2021/04/16', 1, 'CUS004', 'MAN004', 'IN004','TAB004'),
('ORD005', '2023/01/01', 1, 'CUS006', 'CAS006', 'IN006','TAB005'),
('ORD006', '2023/01/03', 1,'CUS006', 'CAS006', 'IN006','TAB006'),
('ORD007', '2022/08/31', 1, 'CUS007', 'MAN002', 'IN007','TAB007'),
('ORD008', '2023/01/31', 1, 'CUS008', 'ADMIN001', 'IN008','TAB008'),
('ORD009', '2021/06/23', 1, 'CUS009', 'CAS009', 'IN009','TAB009'),
('ORD010', '2022/03/22', 1, 'CUS010', 'CAS006', 'IN010','TAB010'),
('ORD011', '2022/02/14', 1, 'CUS011', 'MAN003', 'IN011','TAB011'),
('ORD012', '2022/09/01', 1, 'CUS012', 'MAN004', 'IN012','TAB012'),
('ORD013', '2021/01/12', 1, 'CUS013', 'CAS008', 'IN013','TAB013'),
('ORD014', '2022/06/27', 1, 'CUS014', 'MAN003', 'IN014','TAB014'),
('ORD015', '2022/03/27', 1, 'CUS015', 'CAS006', 'IN015','TAB015'),
('ORD016', '2023/03/20', 1, 'CUS016', 'CAS007', 'IN016','TAB016'),
('ORD017', '2023/05/02', 1, 'CUS017', 'CAS007', 'IN017','TAB017'),
('ORD018', '2023/02/26', 1, 'CUS018', 'MAN002', 'IN018','TAB018'),
('ORD019', '2023/02/12', 1, 'CUS019', 'CAS009', 'IN019','TAB019'),
('ORD020', '2021/05/17', 1, 'CUS020', 'CAS008', 'IN020','TAB020'),
('ORD021', '2021/09/30', 1, 'CUS021', 'MAN002', 'IN021','TAB021'),
('ORD022', '2022/04/12', 1, 'CUS022', 'SAS008', 'IN022','TAB022'),
('ORD023', '2022/11/06', 1, 'CUS023', 'MAN003', 'IN023', null),
('ORD024', '2021/12/12', 1, 'CUS024', 'SAS004', 'IN024', null),
('ORD025', '2022/03/04', 1, 'CUS025', 'SAS005', 'IN025', null),
('ORD026', '2023/01/05', 1, 'CUS026', 'ADMIN001', 'IN026', null),
('ORD027', '2023/02/12', 1, null, 'ADMIN001', null, null),
('ORD028', '2023/03/12', 1, null, 'SAS005', null, null),
('ORD029', '2022/07/11', 1, null, 'SAS005', null, null),
('ORD030', '2021/04/16', 1, null, 'SAS004', null, null),
('ORD031', '2022/02/21', 1, null, 'SAS005', null, null),
('ORD032', '2023/01/03', 1,null, 'SAS006', null, null),
('ORD033', '2022/08/31', 1,null, 'MAN002',null, null),
('ORD034', '2023/01/31', 1, null, 'ADMIN001', null, null),
('ORD035', '2021/06/23', 1,null, 'SAS009',null, null),
('ORD036', '2022/03/22', 1, null, 'SAS006',null, null),
('ORD037', '2022/02/14', 1,null, 'MAN003', null, null),
('ORD038', '2022/09/01', 1, null, 'SAS004', null, null),
('ORD039', '2021/01/12', 1, null, 'SAS008', null, null),
('ORD040', '2022/06/27', 1, null, 'MAN003', null, null),
('ORD041', '2022/03/27', 1,null, 'SAS006',null, null),
('ORD042', '2023/03/20', 1, null, 'SAS007', null, null),
('ORD043', '2023/05/02', 1,null, 'SAS007',null, null),
('ORD044', '2023/02/26', 1, null, 'MAN002', null, null),
('ORD045', '2023/02/12', 1, null, 'SAS009', null, null),
('ORD046', '2021/05/17', 1, null, 'SAS008',null, null),
('ORD047', '2021/09/30', 1, null, 'MAN002', null, null),
('ORD048', '2022/04/12', 1,null, 'SAS008',null, null),
('ORD049', '2022/11/06', 1, null, 'MAN003', null, null),
('ORD050', '2021/12/12', 1, null, 'SAS004', null, null),
('ORD051', '2023/02/04', 1, 'CUS001', 'MAN002', 'IN027', null),
('ORD052', '2023/02/04', 1, 'CUS002', 'MAN003', 'IN028', null),
('ORD053', '2023/03/01', 1, 'CUS003', 'SAS004', 'IN029', null),
('ORD054', '2023/01/19', 1, 'CUS004', 'SAS005', 'IN030', null),
('ORD055', '2023/03/22', 1, 'CUS005', 'SAS006', 'IN031', null),
('ORD056', '2023/04/11', 1, 'CUS006', 'SAS007', 'IN032', null),
('ORD057', '2023/04/04', 1, 'CUS007', 'SAS008', 'IN033', null),
('ORD058', '2023/02/28', 1, 'CUS008', 'SAS009', 'IN034', null),
('ORD059', '2023/01/28', 1, 'CUS009', 'SAS004', 'IN035', null),
('ORD060', '2023/05/01', 1, 'CUS010', 'ADMIN001', 'IN036', null);

-------------------------------------------------------------------------------------------------------------------------------------------------------
INSERT INTO OrderDetails (OrderDetailsID, ProductID, Quantity, OrderID) VALUES
('ODETAIL001', 'PRO007', '4', 'ORD001'),
('ODETAIL002', 'PRO016', '2', 'ORD002'),
('ODETAIL003', 'PRO015', '9', 'ORD003'),
('ODETAIL004', 'PRO012', '9', 'ORD004'),
('ODETAIL005', 'PRO003', '5', 'ORD005'),
('ODETAIL006', 'PRO010', '2', 'ORD006'),
('ODETAIL007', 'PRO011', '5', 'ORD007'),
('ODETAIL008', 'PRO019', '3', 'ORD008'),
('ODETAIL009', 'PRO001', '8', 'ORD009'),
('ODETAIL010', 'PRO004', '2', 'ORD010'),
('ODETAIL011', 'PRO008', '6', 'ORD011'),
('ODETAIL012', 'PRO007', '7', 'ORD012'),
('ODETAIL013', 'PRO003', '5', 'ORD013'),
('ODETAIL014', 'PRO021', '6', 'ORD014'),
('ODETAIL015', 'PRO013', '4', 'ORD015'),
('ODETAIL016', 'PRO017', '5', 'ORD016'),
('ODETAIL017', 'PRO018', '1', 'ORD017'),
('ODETAIL018', 'PRO012', '1', 'ORD018'),
('ODETAIL019', 'PRO005', '8', 'ORD019'),
('ODETAIL020', 'PRO002', '10', 'ORD020'),
('ODETAIL021', 'PRO020', '8', 'ORD021'),
('ODETAIL022', 'PRO014', '4', 'ORD022'),
('ODETAIL023', 'PRO010', '9', 'ORD023'),
('ODETAIL024', 'PRO018', '3', 'ORD024'),
('ODETAIL025', 'PRO003', '1', 'ORD025'),
('ODETAIL026', 'PRO004', '4', 'ORD026'),
('ODETAIL027', 'PRO012', '2', 'ORD027'),
('ODETAIL028', 'PRO016', '5', 'ORD028'),
('ODETAIL029', 'PRO006', '1', 'ORD029'),
('ODETAIL030', 'PRO001', '1', 'ORD030'),
('ODETAIL031', 'PRO007', '3', 'ORD031'),
('ODETAIL032', 'PRO011', '5', 'ORD032'),
('ODETAIL033', 'PRO006', '1', 'ORD033'),
('ODETAIL034', 'PRO010', '6', 'ORD034'),
('ODETAIL035', 'PRO006', '1', 'ORD035'),
('ODETAIL036', 'PRO004', '1', 'ORD036'),
('ODETAIL037', 'PRO009', '2', 'ORD037'),
('ODETAIL038', 'PRO005', '3', 'ORD038'),
('ODETAIL039', 'PRO008', '2', 'ORD039'),
('ODETAIL040', 'PRO018', '1', 'ORD040'),
('ODETAIL041', 'PRO021', '6', 'ORD041'),
('ODETAIL042', 'PRO010', '3', 'ORD042'),
('ODETAIL043', 'PRO011', '8', 'ORD043'),
('ODETAIL044', 'PRO001', '1', 'ORD044'),
('ODETAIL045', 'PRO017', '1', 'ORD045'),
('ODETAIL046', 'PRO015', '5', 'ORD046'),
('ODETAIL047', 'PRO002', '1', 'ORD047'),
('ODETAIL048', 'PRO009', '2', 'ORD048'),
('ODETAIL049', 'PRO021', '3', 'ORD049'),
('ODETAIL050', 'PRO020', '1', 'ORD050'),
('ODETAIL051', 'PRO002', '1', 'ORD051'),
('ODETAIL052', 'PRO009', '3', 'ORD052'),
('ODETAIL053', 'PRO017', '4', 'ORD053'),
('ODETAIL054', 'PRO001', '4', 'ORD054'),
('ODETAIL055', 'PRO006', '2', 'ORD055'),
('ODETAIL056', 'PRO008', '1', 'ORD056'),
('ODETAIL057', 'PRO015', '6', 'ORD057'),
('ODETAIL058', 'PRO021', '4', 'ORD058'),
('ODETAIL059', 'PRO014', '2', 'ORD059'),
('ODETAIL060', 'PRO010', '2', 'ORD060'),
('ODETAIL061', 'PRO010', '1', 'ORD001'),
('ODETAIL062', 'PRO011', '1', 'ORD001'),
('ODETAIL063', 'PRO008', '3', 'ORD001'),
('ODETAIL064', 'PRO002', '4', 'ORD002'),
('ODETAIL065', 'PRO010', '2', 'ORD002'),
('ODETAIL066', 'PRO012', '5', 'ORD002'),
('ODETAIL067', 'PRO019', '1', 'ORD003'),
('ODETAIL068', 'PRO015', '2', 'ORD004'),
('ODETAIL069', 'PRO011', '1', 'ORD004'),
('ODETAIL070', 'PRO002', '1', 'ORD001'),
('ODETAIL071', 'PRO004', '2', 'ORD001');
