---------------------------------
USE BBQRestaurantManagement
---------------------------------------------------------------------------------------------------------------------------------------------
/*																																			*/
/*																		INSERT DATA															*/
/*																																			*/
---------------------------------------------------------------------------------------------------------------------------------------------
-------------------------------------------------------------------------------------------------------------------------------------------------------
go
INSERT INTO Staff_Position(IDPosition,Position) VALUES
('POS001',N'Quản lí'),
('POS002',N'Thu Ngân'),
('POS003',N'Phục vụ')
-------------------------------------------------------------------------------------------------------------------------------------------------------
INSERT INTO Staff(StaffID,NameStaff,NumberPhone,Position) VALUES
('ADMIN001',N'Nguyễn Trường An','0364969450','POS001'),
('MAN002',N'Nguyễn Thành Lợi','0364125263','POS001'),
('MAN003',N'Huỳnh Minh Trí','0364956256','POS001'),
('MAN004',N'Trần Đỗ Thanh An','0364562321','POS001'),
('CAS005',N'Mai Anh Khoa','0364562321','POS002'),
('CAS006',N'Lê Minh Anh','0364562321','POS002'),
('CAS007',N'Trần Đức Trung','0364562321','POS002'),
('CAS008',N'Trần Đức Hiếu','0364562322','POS002'),
('CAS009',N'Trần Văn Trung','0364562323','POS002'),
('WAIT008',N'Nguyễn Văn Hoàng','0364562321','POS003'),
('WAIT009',N'Lê Xuân Huỳnh','0364562321','POS003')
-------------------------------------------------------------------------------------------------------------------------------------------------------
INSERT INTO Account(AccountID,Passwords) VALUES
('ADMIN001','@123456'),
('MAN002','@123456'),
('MAN003','@123456'),
('MAN004','@123456'),
('CAS005','@123456'),
('CAS006','@123456'),
('CAS007','@123456'),
('CAS008','@123456'),
('CAS009','@123456')
-------------------------------------------------------------------------------------------------------------------------------------------------------
INSERT INTO Customers (CustomerID, NameCustomer, NumberPhone)VALUES
('CUS001', 'John Smith', '123-456-7890'),
('CUS002', 'Jane Doe', '555-555-1212'),
('CUS003', 'Bob Johnson', '999-999-9999'),
('CUS004', 'Sarah Johnson', '555-123-4567'),
('CUS005', 'David Lee', '777-888-9999'),
('CUS006', 'Emily Chen', '123-456-7890'),
('CUS007', 'Jason White', '443-234-9820'),
('CUS008', 'William Holmes', '531-238-4920'),
('CUS009', 'Martin Abbott', '321-235-1123'),
('CUS010', 'Susan Bafford', '320-123-4029'),
('CUS011', 'Emily Watson', '123-342-2048'),
('CUS012', 'Thiago Silva', '130-452-1938'),
('CUS013', 'Edouard Mendy', '372-381-8753'),
('CUS014', 'Mason Mount', '333-123-5482'),
('CUS015', 'Joao Felix', '123-319-1219'),
('CUS016', 'Hakim Ziyech', '343-339-3821'),
('CUS017', 'LeBron James', '333-112-3462'),
('CUS018', 'Nikola Jokic', '172-001-3481'),
('CUS019', 'Stephen Curry', '772-092-1893'),
('CUS020', 'Trae Young', '871-333-2917'),
('CUS021', 'Kevon Looney', '882-198-4781'),
('CUS022', 'Bol Bol', '222-111-3339'),
('CUS023', 'Leonardo DiCaprio', '103-838-3920'),
('CUS024', 'Michael Jordan', '131-332-4910'),
('CUS025', 'Kevin Hart', '910-312-4456'),
('CUS026', 'Dwayne Johnson', '392-222-3213'); 
-------------------------------------------------------------------------------------------------------------------------------------------------------
INSERT INTO StatusInvoice(StatusInvoiceID, NameStatusInvoice) VALUES
('STATUS001', 'Pending'),
('STATUS002', 'Paid'),
('STATUS003', 'Cancelled'),
('STATUS004', 'Checked in'),
('STATUS005', 'Checked out')
-------------------------------------------------------------------------------------------------------------------------------------------------------
INSERT INTO StatusInvoice_Details(InvoiceDetailsID, CheckIn_Time, CheckOut_Time, StatusInvoice) VALUES
('DEID001', null, null, 'STATUS002'),
('DEID002', null, null, 'STATUS002'),
('DEID003', null, null, 'STATUS001'),
('DEID004', '09:49:12', null, 'STATUS004'),
('DEID005', null, null, 'STATUS003'),
('DEID006', '12:30:23', '13:41:32', 'STATUS005'),
('DEID007', null, null, 'STATUS002'),
('DEID008', null, null, 'STATUS003'),
('DEID009', '18:22:32', null, 'STATUS004'),
('DEID010', '08:13:21', '09:32:02', 'STATUS005'),
('DEID011', null, null, 'STATUS001'),
('DEID012', '18:32:32', '19:32:32', 'STATUS005'),
('DEID013', '15:33:23', '16:32:32', 'STATUS005'),
('DEID014', '09:00:32', '10:32:32', 'STATUS005'),
('DEID015', '11:10:21', '12:32:01', 'STATUS005'),
('DEID016', '08:00:11', '09:15:21', 'STATUS005'),
('DEID017', '18:21:33', '19:00:32', 'STATUS005'),
('DEID018', null, null, 'STATUS002'),
('DEID019', '20:00:32', '21:12:09', 'STATUS005'),
('DEID020', '17:00:32', '18:18:09', 'STATUS005'),
('DEID021', '14:52:33', '16:10:11', 'STATUS005'),
('DEID022', '19:01:22', '20:09:31', 'STATUS005'),
('DEID023', '13:32:32', '14:32:32', 'STATUS005'),
('DEID024', '18:54:21', '20:00:03', 'STATUS005'),
('DEID025', '15:33:11', '16:32:32', 'STATUS005'),
('DEID026', '18:32:43', '19:32:32', 'STATUS005'),
('DEID027', '07:23:01', '08:13:03', 'STATUS002'),
('DEID028', '13:00:00', null, 'STATUS004'),
('DEID029', null, null, 'STATUS003'),
('DEID030', '18:00:32', null, 'STATUS004'),
('DEID031', null, null, 'STATUS002'),
('DEID032', null, null, 'STATUS003'),
('DEID033', '17:41:32', '19:10:00', 'STATUS002'),
('DEID034', null, null, 'STATUS003'),
('DEID035', null, null, 'STATUS001'),
('DEID036', null, null, 'STATUS001'),
('DEID037', '14:21:33', null, 'STATUS001'),
('DEID038', '17:00:02', null, 'STATUS001'),
('DEID039', '19:00:12', null, 'STATUS001'),
('DEID040', '20:02:21', null, 'STATUS001'),
('DEID041', '21:32:32', null, 'STATUS001'),
('DEID042', '08:02:32', null, 'STATUS001'),
('DEID043', null, null, 'STATUS003'),
('DEID044', null, null, 'STATUS003'),
('DEID045', null, null, 'STATUS003'),
('DEID046', null, null, 'STATUS003'),
('DEID047', '09:44:23', '10:15:32', 'STATUS005'),
('DEID048', '20:22:12', '21:15:21', 'STATUS005'),
('DEID049', '20:00:12', '21:01:00', 'STATUS005'),
('DEID050', '17:32:23', '18:10:32', 'STATUS005'),
('DEID051', '19:03:32', '19:30:32', 'STATUS005'),
('DEID052', '22:12:34', '22:40:32', 'STATUS002'),
('DEID053', '17:02:21', '17:15:10', 'STATUS002'),
('DEID054', '16:21:03', '16:44:21', 'STATUS002'),
('DEID055', '11:40:21', null, 'STATUS004'),
('DEID056', '13:12:02', '14:00:01', 'STATUS002'),
('DEID057', '09:13:12', null, 'STATUS004');

-------------------------------------------------------------------------------------------------------------------------------------------------------
INSERT INTO Invoice(InvoiceID, CreationTime, Price,Discount, InvoiceDetails) VALUES
('IN001', '2023/02/12 18:32:43', 1220000,0, 'DEID001'),
('IN002', '2023/03/12 14:11:43', 84000,0, 'DEID002'),
('IN003', '2022/07/11 06:32:43', 428000,0, 'DEID003'),
('IN004', '2021/04/16 13:11:21', 290000,0, 'DEID004'),
('IN005', '2023/01/01 23:11:43', 1900000,0, 'DEID005'),
('IN006', '2019/12/05 14:11:43', 160000,0, 'DEID006'),
('IN007', '2022/08/31 16:10:32', 420000,0, 'DEID007'),
('IN008', '2023/01/31 18:40:43', 270000,0, 'DEID008'),
('IN009', '2021/06/23 19:11:43', 1920000,0, 'DEID009'),
('IN010', '2022/03/22 23:32:43', 300000,0, 'DEID010'),
('IN011', '2022/02/14 12:32:43', 2180000,0, 'DEID011'),
('IN012', '2022/09/01 10:11:23', 3600000,0, 'DEID012'),
('IN013', '2021/01/12 09:00:12', 2500000,0, 'DEID013'),
('IN014', '2022/06/27 07:40:43', 202000,0, 'DEID014'),
('IN015', '2022/03/27 11:32:43', 190000,0, 'DEID015'),
('IN016', '2023/03/20 18:00:01', 340000,0, 'DEID016'),
('IN017', '2023/05/02 18:55:43', 360000,0, 'DEID017'),
('IN018', '2023/02/26 20:17:12', 210000,0, 'DEID018'),
('IN019', '2023/02/12 20:32:12', 2450000,0, 'DEID019'),
('IN020', '2021/05/17 19:10:17', 1560000,0, 'DEID020'),
('IN021', '2021/09/30 13:19:41', 390000,0, 'DEID021'),
('IN022', '2022/04/12 14:12:03', 720000,0, 'DEID022'),
('IN023', '2022/11/06 15:16:06', 345000,0, 'DEID023'),
('IN024', '2021/12/12 10:18:07', 186000,0, 'DEID024'),
('IN025', '2022/03/04 18:12:01', 200000,0, 'DEID025'),
('IN026', '2023/01/05 20:32:43', 400000,0, 'DEID026'),
('IN027', '2023/02/04 08:12:02', 150000,0, 'DEID027'),
('IN028', '2023/02/04 14:13:02', 1020000,0, 'DEID028'),
('IN029', '2023/03/01 18:30:32', 200000,0, 'DEID029'),
('IN030', '2023/01/19 17:30:32', 800000,0, 'DEID030'),
('IN031', '2023/03/22 21:00:01', 640000,0, 'DEID031'),
('IN032', '2023/04/11 22:01:49', 250000,0, 'DEID032'),
('IN033', '2023/04/04 19:02:00', 72000,0, 'DEID033'),
('IN034', '2023/02/28 10:32:11', 100000,0, 'DEID034'),
('IN035', '2023/01/28 12:48:21', 20000,0, 'DEID035'),
('IN036', '2023/05/01 13:50:21', 60000,0, 'DEID036')

--('IN037', '2023/05/15 15:23:09', , 0, 'DEID037'),
--('IN038', '2023/05/15 17:23:09', , 0, 'DEID038'),
--('IN039', '2023-05-17 19:34:00', , 0, 'DEID039'),
--('IN040', '2023-05-17 20:43:23', , 0, 'DEID040'),
--('IN041', '2023-05-17 22:00:00', , 0, 'DEID041'),
--('IN042', '2023-05-23 08:33:32', , 0, 'DEID042'),
--('IN043', '2023-05-26 09:00:00', , 0, 'DEID043'),
--('IN044', '2023-05-26 15:32:00', , 0, 'DEID044'),
--('IN045', '2023-05-26 14:56:00', , 0, 'DEID045'),
--('IN046', '2023-05-26 18:00:00', , 0, 'DEID046'),
--('IN047', '2023-05-26 10:12:00', , 0, 'DEID047'),
--('IN048', '2023-05-27 21:00:00', , 0, 'DEID048'),
--('IN049', '2023-05-27 20:43:23', , 0, 'DEID049'),
--('IN050', '2023-05-27 18:00:52', , 0, 'DEID050'),
--('IN051', '2023-05-27 19:23:23', , 0, 'DEID051'),
--('IN052', '2023-05-27 22:33:22', , 0, 'DEID052'),
--('IN053', '2023-03-15 17:11:32', , 0, 'DEID053'),
--('IN054', '2023-03-15 16:34:00', , 0, 'DEID054'),
--('IN055', '2023-03-15 12:00:01', , 0, 'DEID055'),
--('IN056', '2023-03-15 13:46:00', , 0, 'DEID056'),
--('IN057', '2023-03-15 09:21:00', , 0, 'DEID057');
-------------------------------------------------------------------------------------------------------------------------------------------------------
INSERT INTO TablesCustomer(TablesID,MaxSeats,Status) VALUES
('TAB001', 4,1),
('TAB002', 4,1),
('TAB003', 4,1),
('TAB004', 5,1),
('TAB005', 5,1),
('TAB006', 5,1),
('TAB007', 6,1),
('TAB008', 6,1),
('TAB009', 6,1),
('TAB010', 5,1),
('TAB011', 5,1),
('TAB012', 5,1),
('TAB013', 8,0),
('TAB014', 6,0),
('TAB015', 4,0),
('TAB016', 2,0),
('TAB017', 2,0),
('TAB018', 2,0),
('TAB019', 2,0),
('TAB020', 2,0),
('TAB021', 4,0),
('TAB022', 4,0),
('TAB023', 4,0),
('TAB024', 4,0),
('TAB025', 4,0),
('TAB026', 4,0),
('TAB027', 4,0),
('TAB028', 4,0),
('TAB029', 4,0),
('TAB030', 4,0),
('TAB031', 4,0),
('TAB032', 4,0),
('TAB033', 4,0),
('TAB034', 4,0),
('TAB035', 4,0);
-------------------------------------------------------------------------------------------------------------------------------------------------------
INSERT INTO BookingStatus (IDStatus,NameStatus) VALUES	
('BSTA001','Waiting'),
('BSTA002','Approved'),
('BSTA003','Cancel');
-------------------------------------------------------------------------------------------------------------------------------------------------------
INSERT INTO Booking (BookingID,BookingDate,BookingCreate,BookingStatus,Duration,Note,NumberCustomer,CustomerBooking,TableBooking) VALUES	
('BI001','2022/03/04 7:0:0','2022/01/01 7:0:0','BSTA002',3,'None note',1,'CUS001','TAB001'),
('BI002','2022/03/04 7:0:0','2022/01/01 7:0:0','BSTA002',4,'None note',2,'CUS002','TAB002'),
('BI003','2023/06/01 7:0:0','2022/01/01 7:0:0','BSTA002',5,'None note',3,'CUS003','TAB003'),
('BI004','2023/06/04 7:0:0','2022/01/01 7:0:0','BSTA002',2,'None note',4,'CUS004','TAB004'),
('BI005','2023/01/04 8:0:0','2022/01/01 7:0:0','BSTA002',6,'None note',5,'CUS005','TAB005'),
('BI006','2022/02/04 7:0:0','2022/01/01 7:0:0','BSTA002',3,'None note',4,'CUS006','TAB006'),
('BI007','2022/03/03 9:0:0','2022/01/01 7:0:0','BSTA002',3,'None note',3,'CUS007','TAB007'),
('BI008','2022/03/05 10:0:0','2022/01/01 7:0:0','BSTA002',2,'None note',3,'CUS008','TAB008'),
('BI009','2022/03/07 7:0:0','2022/01/01 7:0:0','BSTA002',3,'None note',2,'CUS009','TAB009'),
('BI010','2023/03/08 12:0:0','2022/01/01 7:0:0','BSTA002',4,'None note',2,'CUS010','TAB010'),
('BI011','2023/03/09 7:0:0','2022/01/01 8:0:0','BSTA002',3,'None note',6,'CUS011','TAB011'),
('BI012','2022/05/04 16:0:0','2022/01/01 8:0:0','BSTA002',5,'None note',7,'CUS012','TAB012'),
('BI013','2022/06/04 7:0:0','2022/01/01 8:0:0','BSTA002',3,'None note',5,'CUS013','TAB001'),
('BI014','2022/08/04 8:30:0','2022/01/01 8:0:0','BSTA002',2,'None note',5,'CUS014','TAB002'),
('BI015','2022/07/04 14:0:0','2022/01/01 8:0:0','BSTA002',3,'None note',3,'CUS015','TAB003'),
('BI016','2022/03/06 21:0:0','2022/01/01 8:0:0','BSTA002',4,'None note',5,'CUS016','TAB004'),
('BI017','2022/03/05 22:0:0','2022/01/01 8:0:0','BSTA002',4,'None note',5,'CUS017','TAB005'),
('BI018','2022/06/04 6:0:0','2022/01/01 9:0:0','BSTA002',3,'None note',5,'CUS018','TAB006'),
('BI019','2022/04/04 18:0:0','2022/01/01 9:0:0','BSTA002',5,'None note',6,'CUS019','TAB007'),
('BI020','2022/03/04 17:0:0','2022/01/01 9:0:0','BSTA002',5,'None note',2,'CUS020','TAB008'),
('BI021','2022/02/04 11:30:0','2022/01/01 9:0:0','BSTA003',3,'None note',7,'CUS021','TAB009'),
('BI022','2022/03/04 9:0:0','2022/01/01 9:0:0','BSTA001',3,'None note',3,'CUS022','TAB010'),
('BI023','2022/01/04 9:0:0','2022/01/01 10:0:0','BSTA001',3,'None note',3,'CUS023','TAB011'),
('BI024','2022/02/04 11:0:0','2022/01/01 10:0:0','BSTA001',2,'None note',5,'CUS024','TAB012'),
('BI025','2022/03/01 8:0:0','2022/01/01 10:0:0','BSTA001',3,'None note',6,'CUS025','TAB011'),
('BI026','2022/03/02 10:0:0','2022/01/01 10:0:0','BSTA001',4,'None note',6,'CUS026','TAB001'),
('BI027','2023/01/02 12:0:0','2022/01/01 11:0:0','BSTA003',4,'None note',6,'CUS001','TAB001'),
('BI028','2023/01/21 8:0:0','2022/01/01 11:0:0','BSTA003',4,'None note',6,'CUS002','TAB009'),
('BI029','2022/12/31 11:0:0','2022/01/01 11:0:0','BSTA001',4,'None note',6,'CUS003','TAB010'),
('BI030','2022/11/29 13:0:0','2022/01/01 11:0:0','BSTA003',4,'None note',6,'CUS004','TAB012'),
('BI031','2023/03/02 14:30:0','2022/01/01 11:0:0','BSTA003',4,'None note',6,'CUS005','TAB011'),
('BI032','2023/01/02 9:30:0','2022/01/01 12:0:0','BSTA003',4,'None note',6,'CUS006','TAB010'),
('BI033','2023/04/02 10:0:0','2022/01/01 12:0:0','BSTA001',4,'None note',6,'CUS007','TAB012'),
('BI034','2023/02/02 9:0:0','2022/01/01 12:0:0','BSTA001',4,'None note',6,'CUS008','TAB002'),
('BI035','2023/01/02 15:0:0','2022/01/01 12:0:0','BSTA001',4,'None note',6,'CUS009','TAB004'),
('BI036','2023/04/02 16:0:0','2022/01/01 12:0:0','BSTA003',4,'None note',6,'CUS010','TAB004');
-------------------------------------------------------------------------------------------------------------------------------------------------------
INSERT INTO Product_Type (IDType, ProductType) VALUES
('PROTYPE001', 'Barbecue'),
('PROTYPE002', 'Hotpot'),
('PROTYPE003', 'Snack'),
('PROTYPE004', 'Soft drink'),
('PROTYPE005', 'Beer'),
('PROTYPE006', 'Wine'),
('PROTYPE007', 'Milk tea');
-------------------------------------------------------------------------------------------------------------------------------------------------------
INSERT INTO Product (ProductID, NameProduct, Price, Description, ProductState, Product_Type) VALUES 
('PRO001', 'Combo BBQ 1', 200000, 'Beef brisket, green catfish, octopus',  1, 'PROTYPE001'),
('PRO002', 'Combo BBQ 2', 150000, 'Beef chuck eye roll, beef rib finger', 1, 'PROTYPE001'),
('PRO003', 'Combo BBQ 3', 200000, 'Prawn, squid with salt & chilli sauce, green catfish, foil grilled yellowtail catfish', 1, 'PROTYPE001'),
('PRO004', 'Combo BBQ 4', 100000, 'Pork ribs, pork collar, pork belly', 1, 'PROTYPE001'),
('PRO005', 'Mushroom broth', 300000, 'Chuck steak, minced beef stuffed in bamboo', 1, 'PROTYPE002'),
('PRO006', 'Tomyum broth', 320000, 'Green mussels, giant river prawn', 1, 'PROTYPE002'),
('PRO007', 'Sukiyaki broth', 300000, 'Beef volcano, short plate, blossom brisket', 1, 'PROTYPE002'),
('PRO008', 'Bulgogi broth', 250000, 'Pork belly, tofu', 1, 'PROTYPE002'),
('PRO009', 'Sichuan broth', 340000, 'Tuna fillet, red tilapia fillet', 1, 'PROTYPE002'),
('PRO010', 'Fried potato', 30000, 'Fried potato with cheese shake', 1, 'PROTYPE003'),
('PRO011', 'Soup', 20000, 'Chicken bones broth and eggs, crab meat', 1, 'PROTYPE003'),
('PRO012', 'Coca Cola', 10000, 'Soft drink', 1, 'PROTYPE004'),
('PRO013', 'Sprite', 10000, 'Soft drink with lemon flavor', 1, 'PROTYPE004'),
('PRO014', 'Fanta', 10000, 'Soft drink with orange flavor', 1, 'PROTYPE004'),
('PRO015', 'Heineken', 12000, 'Beer', 1, 'PROTYPE005'),
('PRO016', 'Budweiser', 12000, 'Beer', 1, 'PROTYPE005'),
('PRO017', 'Penfolds', 50000, 'Australia wine', 1, 'PROTYPE006'),
('PRO018', 'Scharzhof', 52000, 'German wine', 1, 'PROTYPE006'),
('PRO019', 'Hong Kong tranditional milk tea', 30000, 'matcha tea with milk and bubble', 1, 'PROTYPE007'),
('PRO020', 'Koi milk tea', 30000, 'Black tea and milk mixed with bubbles or fruit jelly', 1, 'PROTYPE007'),
('PRO021', 'Taiwanese milk tea', 25000, 'Brown sugar syrup and strong black tea with creamy milk', 1, 'PROTYPE007');
-------------------------------------------------------------------------------------------------------------------------------------------------------
INSERT INTO Orders (OrderID, DatetimeOrder, StateOrder, CustomerOrder, OrderStaff, Invoice, TableID) VALUES 
('ORD001', '2023/02/12', 1, 'CUS001', 'ADMIN001', 'IN001','TAB001'),
('ORD002', '2023/03/12', 1, 'CUS002', 'CAS005', 'IN002','TAB002'),
('ORD003', '2022/07/11', 1, 'CUS003', 'CAS005', 'IN003','TAB003'),
('ORD004', '2021/04/16', 1, 'CUS004', 'MAN004', 'IN004','TAB004'),
('ORD005', '2023/01/01', 1, 'CUS006', 'CAS006', 'IN006','TAB005'),
('ORD006', '2023/01/03', 1,'CUS006', 'CAS006', 'IN006','TAB006'),
('ORD007', '2022/08/31', 1, 'CUS007', 'MAN002', 'IN007','TAB007'),
('ORD008', '2023/01/31', 1, 'CUS008', 'ADMIN001', 'IN008','TAB008'),
('ORD009', '2021/06/23', 1, 'CUS009', 'CAS009', 'IN009','TAB009'),
('ORD010', '2022/03/22', 1, 'CUS010', 'CAS006', 'IN010','TAB010'),
('ORD011', '2022/02/14', 1, 'CUS011', 'MAN003', 'IN011','TAB011'),
('ORD012', '2022/09/01', 1, 'CUS012', 'MAN004', 'IN012','TAB012'),
('ORD013', '2021/01/12', 1, 'CUS013', 'CAS008', 'IN013','TAB013'),
('ORD014', '2022/06/27', 1, 'CUS014', 'MAN003', 'IN014','TAB014'),
('ORD015', '2022/03/27', 1, 'CUS015', 'CAS006', 'IN015','TAB015'),
('ORD016', '2023/03/20', 1, 'CUS016', 'CAS007', 'IN016','TAB016'),
('ORD017', '2023/05/02', 1, 'CUS017', 'CAS007', 'IN017','TAB017'),
('ORD018', '2023/02/26', 1, 'CUS018', 'MAN002', 'IN018','TAB018'),
('ORD019', '2023/02/12', 1, 'CUS019', 'CAS009', 'IN019','TAB019'),
('ORD020', '2021/05/17', 1, 'CUS020', 'CAS008', 'IN020','TAB020'),
('ORD021', '2021/09/30', 1, 'CUS021', 'MAN002', 'IN021','TAB021'),
('ORD022', '2022/04/12', 1, 'CUS022', 'SAS008', 'IN022','TAB022'),
('ORD023', '2022/11/06', 1, 'CUS023', 'MAN003', 'IN023', null),
('ORD024', '2021/12/12', 1, 'CUS024', 'SAS004', 'IN024', null),
('ORD025', '2022/03/04', 1, 'CUS025', 'SAS005', 'IN025', null),
('ORD026', '2023/01/05', 1, 'CUS026', 'ADMIN001', 'IN026', null),
('ORD027', '2023/02/12', 1, null, 'ADMIN001', null, null),
('ORD028', '2023/03/12', 1, null, 'SAS005', null, null),
('ORD029', '2022/07/11', 1, null, 'SAS005', null, null),
('ORD030', '2021/04/16', 1, null, 'SAS004', null, null),
('ORD031', '2022/02/21', 1, null, 'SAS005', null, null),
('ORD032', '2023/01/03', 1,null, 'SAS006', null, null),
('ORD033', '2022/08/31', 1,null, 'MAN002',null, null),
('ORD034', '2023/01/31', 1, null, 'ADMIN001', null, null),
('ORD035', '2021/06/23', 1,null, 'SAS009',null, null),
('ORD036', '2022/03/22', 1, null, 'SAS006',null, null),
('ORD037', '2022/02/14', 1,null, 'MAN003', null, null),
('ORD038', '2022/09/01', 1, null, 'SAS004', null, null),
('ORD039', '2021/01/12', 1, null, 'SAS008', null, null),
('ORD040', '2022/06/27', 1, null, 'MAN003', null, null),
('ORD041', '2022/03/27', 1,null, 'SAS006',null, null),
('ORD042', '2023/03/20', 1, null, 'SAS007', null, null),
('ORD043', '2023/05/02', 1,null, 'SAS007',null, null),
('ORD044', '2023/02/26', 1, null, 'MAN002', null, null),
('ORD045', '2023/02/12', 1, null, 'SAS009', null, null),
('ORD046', '2021/05/17', 1, null, 'SAS008',null, null),
('ORD047', '2021/09/30', 1, null, 'MAN002', null, null),
('ORD048', '2022/04/12', 1,null, 'SAS008',null, null),
('ORD049', '2022/11/06', 1, null, 'MAN003', null, null),
('ORD050', '2021/12/12', 1, null, 'SAS004', null, null),
('ORD051', '2023/02/04', 1, 'CUS001', 'MAN002', 'IN027', null),
('ORD052', '2023/02/04', 1, 'CUS002', 'MAN003', 'IN028', null),
('ORD053', '2023/03/01', 1, 'CUS003', 'SAS004', 'IN029', null),
('ORD054', '2023/01/19', 1, 'CUS004', 'SAS005', 'IN030', null),
('ORD055', '2023/03/22', 1, 'CUS005', 'SAS006', 'IN031', null),
('ORD056', '2023/04/11', 1, 'CUS006', 'SAS007', 'IN032', null),
('ORD057', '2023/04/04', 1, 'CUS007', 'SAS008', 'IN033', null),
('ORD058', '2023/02/28', 1, 'CUS008', 'SAS009', 'IN034', null),
('ORD059', '2023/01/28', 1, 'CUS009', 'SAS004', 'IN035', null),
('ORD060', '2023/05/01', 1, 'CUS010', 'ADMIN001', 'IN036', null),
('ORD061', '2023/05/29', 1, 'CUS001', 'CAS005', null, null),
('ORD062', '2023/05/29', 1, 'CUS002', 'CAS006', null, null),
('ORD063', '2023/05/29', 1, 'CUS003', 'WAIT008', null, null),
('ORD064', '2023/05/29', 1, 'CUS004', 'WAIT009', null, null),
('ORD065', '2023/05/29', 1, 'CUS005', 'CAS007', null, null),
('ORD066', '2023/05/30', 1, 'CUS006', 'CAS008', null, null),
('ORD067', '2023/05/30', 1, 'CUS007', 'CAS009', null, null),
('ORD068', '2023/05/30', 1, 'CUS008', 'MAN002', null, null),
('ORD069', '2023/05/30', 1, 'CUS009', 'MAN003', null, null),
('ORD070', '2023/05/30', 1, 'CUS010', 'MAN004', null, null),
('ORD071', '2023/05/31', 1, 'CUS005', 'CAS006', null, null),
('ORD072', '2023/05/31', 1, 'CUS006', 'MAN003', null, null),
('ORD073', '2023/05/31', 1, 'CUS007', 'MAN004', null, null),
('ORD074', '2023/05/31', 1, 'CUS008', 'CAS006', null, null),
('ORD075', '2023/05/31', 1, 'CUS009', 'CAS007', null, null),
('ORD076', '2023/06/01', 1, 'CUS010', 'CAS003', null, null),
('ORD077', '2023/06/01', 1, 'CUS014', 'MAN002', null, null),
('ORD078', '2023/06/01', 1, 'CUS015', 'WAIT009', null, null),
('ORD079', '2023/06/01', 1, 'CUS026', 'ADMIN001', null, null),
('ORD080', '2023/06/01', 1, 'CUS023', 'CAS005', null, null),
('ORD081', '2023/05/01', 1, 'CUS011', 'CAS005', null, null),
('ORD082', '2023/05/01', 1, 'CUS012', 'CAS007', null, null),
('ORD083', '2023/05/01', 1, 'CUS013', 'CAS008', null, null),
('ORD084', '2023/05/01', 1, 'CUS014', 'CAS009', null, null),
('ORD085', '2023/05/01', 1, 'CUS015', 'MAN004', null, null),
('ORD086', '2023/05/04', 1, 'CUS016', 'MAN003', null, null),
('ORD087', '2023/05/04', 1, 'CUS017', 'MAN002', null, null),
('ORD088', '2023/05/04', 1, 'CUS018', 'CAS005', null, null),
('ORD089', '2023/05/04', 1, 'CUS019', 'WAIT008', null, null),
('ORD090', '2023/05/04', 1, 'CUS020', 'WAIT009', null, null),
('ORD091', '2023/05/09', 1, 'CUS021', 'CAS005', null, null),
('ORD092', '2023/05/09', 1, 'CUS022', 'WAIT008', null, null),
('ORD093', '2023/05/09', 1, 'CUS023', 'ADMIN001', null, null),
('ORD094', '2023/05/09', 1, 'CUS024', 'CAS005', null, null),
('ORD095', '2023/05/09', 1, 'CUS025', 'WAIT009', null, null),
('ORD096', '2023/05/12', 1, 'CUS026', 'CAS005', null, null),
('ORD097', '2023/05/12', 1, 'CUS011', 'ADMIN001', null, null),
('ORD098', '2023/05/12', 1, 'CUS012', 'CAS005', null, null),
('ORD099', '2023/05/12', 1, 'CUS013', 'ADMIN001', null, null),
('ORD100', '2023/05/12', 1, 'CUS014', 'CAS005', null, null),
('ORD101', '2023/05/15', 1, 'CUS001', 'CAS005', null, null),
('ORD102', '2023/05/15', 1, 'CUS002', 'WAIT008', null, null),
('ORD103', '2023/05/15', 1, 'CUS003', 'WAIT008', null, null),
('ORD104', '2023/05/15', 1, 'CUS004', 'MAN004', 'IN037', null),
('ORD105', '2023/05/15', 1, 'CUS005', 'CAS008', 'IN038', null),
('ORD106', '2023/05/17', 1, 'CUS006', 'CAS008', 'IN039', null),
('ORD107', '2023/05/17', 1, 'CUS007', 'MAN002', 'IN040', null),
('ORD108', '2023/05/17', 1, 'CUS008', 'MAN003', 'IN041', null),
('ORD109', '2023/05/17', 1, 'CUS009', 'CAS009', null, null),
('ORD110', '2023/05/17', 1, 'CUS010', 'MAN003', null, null),
('ORD111', '2023/05/20', 1, 'CUS011', 'WAIT009', null, null),
('ORD112', '2023/05/20', 1, 'CUS012', 'MAN004', null, null),
('ORD113', '2023/05/20', 1, 'CUS013', 'CAS005', null, null),
('ORD114', '2023/05/20', 1, 'CUS014', 'CAS007', null, null),
('ORD115', '2023/05/20', 1, 'CUS015', 'CAS009', null, null),
('ORD116', '2023/05/23', 1, 'CUS016', 'ADMIN001', null, null),
('ORD117', '2023/05/23', 1, 'CUS017', 'CAS005', null, null),
('ORD118', '2023/05/23', 1, 'CUS018', 'CAS008', null, null),
('ORD119', '2023/05/23', 1, 'CUS021', 'MAN003', null, null),
('ORD120', '2023/05/23', 1, 'CUS022', 'MAN003', null, null), 
('ORD121', '2023/05/26', 1, 'CUS023', 'CAS006', null, null), 
('ORD122', '2023/05/26', 1, 'CUS026', 'MAN004', null, null), 
('ORD123', '2023/05/26', 1, 'CUS025', 'CAS008', null, null), 
('ORD124', '2023/05/26', 1, 'CUS021', 'MAN003', null, null), 
('ORD125', '2023/05/26', 1, 'CUS001', 'WAIT009', null, null),
('ORD126', '2023/05/27', 1, 'CUS020', 'MAN004', null, null),
('ORD127', '2023/05/27', 1, 'CUS018', 'CAS005', null, null),
('ORD128', '2023/05/27', 1, 'CUS016', 'MAN002', null, null),
('ORD129', '2023/05/27', 1, 'CUS013', 'MAN004', null, null),
('ORD130', '2023/05/27', 1, 'CUS012', 'CAS008', null, null), --
('ORD131', '2023/01/15', 1, 'CUS001', 'CAS005', null, null),
('ORD132', '2023/01/15', 1, 'CUS002', 'CAS007', null, null),
('ORD133', '2023/01/15', 1, 'CUS003', 'CAS006', null, null),
('ORD134', '2023/01/15', 1, 'CUS004', 'CAS008', null, null),
('ORD135', '2023/01/15', 1, 'CUS005', 'CAS009', null, null),
('ORD136', '2023/02/25', 1, 'CUS006', 'CAS005', null, null),
('ORD137', '2023/02/25', 1, 'CUS007', 'CAS006', null, null),
('ORD138', '2023/02/25', 1, 'CUS008', 'CAS007', null, null),
('ORD139', '2023/02/25', 1, 'CUS009', 'CAS008', null, null),
('ORD140', '2023/02/25', 1, 'CUS012', 'CAS009', null, null),
('ORD141', '2023/03/15', 1, 'CUS001', 'CAS005', null, null),
('ORD142', '2023/03/15', 1, 'CUS002', 'CAS007', null, null),
('ORD143', '2023/03/15', 1, 'CUS003', 'CAS006', null, null),
('ORD144', '2023/03/15', 1, 'CUS004', 'CAS008', null, null),
('ORD145', '2023/03/15', 1, 'CUS005', 'CAS009', null, null),
('ORD146', '2023/04/25', 1, 'CUS006', 'CAS005', null, null),
('ORD147', '2023/04/25', 1, 'CUS007', 'CAS006', null, null),
('ORD148', '2023/04/25', 1, 'CUS008', 'CAS007', null, null),
('ORD149', '2023/04/25', 1, 'CUS009', 'CAS008', null, null),
('ORD150', '2023/04/25', 1, 'CUS012', 'CAS009', null, null);

-------------------------------------------------------------------------------------------------------------------------------------------------------
INSERT INTO OrderDetails (OrderDetailsID, ProductID, Quantity, OrderID) VALUES
('ODETAIL001', 'PRO007', '4', 'ORD001'),
('ODETAIL002', 'PRO016', '2', 'ORD002'),
('ODETAIL003', 'PRO015', '9', 'ORD003'),
('ODETAIL004', 'PRO012', '9', 'ORD004'),
('ODETAIL005', 'PRO003', '5', 'ORD005'),
('ODETAIL006', 'PRO010', '2', 'ORD006'),
('ODETAIL007', 'PRO011', '5', 'ORD007'),
('ODETAIL008', 'PRO019', '3', 'ORD008'),
('ODETAIL009', 'PRO001', '8', 'ORD009'),
('ODETAIL010', 'PRO004', '2', 'ORD010'),
('ODETAIL011', 'PRO008', '6', 'ORD011'),
('ODETAIL012', 'PRO007', '7', 'ORD012'),
('ODETAIL013', 'PRO003', '5', 'ORD013'),
('ODETAIL014', 'PRO021', '6', 'ORD014'),
('ODETAIL015', 'PRO013', '4', 'ORD015'),
('ODETAIL016', 'PRO017', '5', 'ORD016'),
('ODETAIL017', 'PRO018', '1', 'ORD017'),
('ODETAIL018', 'PRO012', '1', 'ORD018'),
('ODETAIL019', 'PRO005', '8', 'ORD019'),
('ODETAIL020', 'PRO002', '10', 'ORD020'),
('ODETAIL021', 'PRO020', '8', 'ORD021'),
('ODETAIL022', 'PRO014', '4', 'ORD022'),
('ODETAIL023', 'PRO010', '9', 'ORD023'),
('ODETAIL024', 'PRO018', '3', 'ORD024'),
('ODETAIL025', 'PRO003', '1', 'ORD025'),
('ODETAIL026', 'PRO004', '4', 'ORD026'),
('ODETAIL027', 'PRO012', '2', 'ORD027'),
('ODETAIL028', 'PRO016', '5', 'ORD028'),
('ODETAIL029', 'PRO006', '1', 'ORD029'),
('ODETAIL030', 'PRO001', '1', 'ORD030'),
('ODETAIL031', 'PRO007', '3', 'ORD031'),
('ODETAIL032', 'PRO011', '5', 'ORD032'),
('ODETAIL033', 'PRO006', '1', 'ORD033'),
('ODETAIL034', 'PRO010', '6', 'ORD034'),
('ODETAIL035', 'PRO006', '1', 'ORD035'),
('ODETAIL036', 'PRO004', '1', 'ORD036'),
('ODETAIL037', 'PRO009', '2', 'ORD037'),
('ODETAIL038', 'PRO005', '3', 'ORD038'),
('ODETAIL039', 'PRO008', '2', 'ORD039'),
('ODETAIL040', 'PRO018', '1', 'ORD040'),
('ODETAIL041', 'PRO021', '6', 'ORD041'),
('ODETAIL042', 'PRO010', '3', 'ORD042'),
('ODETAIL043', 'PRO011', '8', 'ORD043'),
('ODETAIL044', 'PRO001', '1', 'ORD044'),
('ODETAIL045', 'PRO017', '1', 'ORD045'),
('ODETAIL046', 'PRO015', '5', 'ORD046'),
('ODETAIL047', 'PRO002', '1', 'ORD047'),
('ODETAIL048', 'PRO009', '2', 'ORD048'),
('ODETAIL049', 'PRO021', '3', 'ORD049'),
('ODETAIL050', 'PRO020', '1', 'ORD050'),
('ODETAIL051', 'PRO002', '1', 'ORD051'),
('ODETAIL052', 'PRO009', '3', 'ORD052'),
('ODETAIL053', 'PRO017', '4', 'ORD053'),
('ODETAIL054', 'PRO001', '4', 'ORD054'),
('ODETAIL055', 'PRO006', '2', 'ORD055'),
('ODETAIL056', 'PRO008', '1', 'ORD056'),
('ODETAIL057', 'PRO015', '6', 'ORD057'),
('ODETAIL058', 'PRO021', '4', 'ORD058'),
('ODETAIL059', 'PRO014', '2', 'ORD059'),
('ODETAIL060', 'PRO010', '2', 'ORD060'),
('ODETAIL061', 'PRO010', '1', 'ORD001'),
('ODETAIL062', 'PRO011', '1', 'ORD001'),
('ODETAIL063', 'PRO008', '3', 'ORD001'),
('ODETAIL064', 'PRO002', '4', 'ORD002'),
('ODETAIL065', 'PRO010', '2', 'ORD002'),
('ODETAIL066', 'PRO012', '5', 'ORD002'),
('ODETAIL067', 'PRO019', '1', 'ORD003'),
('ODETAIL068', 'PRO015', '2', 'ORD004'),
('ODETAIL069', 'PRO011', '1', 'ORD004'),
('ODETAIL070', 'PRO002', '1', 'ORD001'),
('ODETAIL071', 'PRO004', '2', 'ORD001'),
('ODETAIL072', 'PRO001', 1, 'ORD005'), 
('ODETAIL073', 'PRO002', 1, 'ORD005'), 
('ODETAIL074', 'PRO003', 1, 'ORD005'), 
('ODETAIL075', 'PRO004', 2, 'ORD006'), 
('ODETAIL076', 'PRO005', 2, 'ORD006'), 
('ODETAIL077', 'PRO006', 2, 'ORD006'), 
('ODETAIL078', 'PRO007', 4, 'ORD007'), 
('ODETAIL079', 'PRO008', 4, 'ORD007'), 
('ODETAIL080', 'PRO009', 4, 'ORD007'), 
('ODETAIL081', 'PRO010', 3, 'ORD008'), 
('ODETAIL082', 'PRO011', 3, 'ORD008'), 
('ODETAIL083', 'PRO012', 3, 'ORD008'), 
('ODETAIL084', 'PRO013', 4, 'ORD009'), 
('ODETAIL085', 'PRO014', 4, 'ORD009'), 
('ODETAIL086', 'PRO015', 4, 'ORD009'), 
('ODETAIL087', 'PRO016', 5, 'ORD010'), 
('ODETAIL088', 'PRO017', 5, 'ORD010'), 
('ODETAIL089', 'PRO018', 5, 'ORD010'), 
('ODETAIL090', 'PRO013', 4, 'ORD014'),
('ODETAIL091', 'PRO010', 2, 'ORD015'),
('ODETAIL092', 'PRO018', 4, 'ORD012'),
('ODETAIL093', 'PRO001', 1, 'ORD013'),
('ODETAIL094', 'PRO003', 2, 'ORD012'),
('ODETAIL095', 'PRO014', 2, 'ORD016'),
('ODETAIL096', 'PRO013', 1, 'ORD013'),
('ODETAIL097', 'PRO012', 1, 'ORD015'),
('ODETAIL098', 'PRO006', 1, 'ORD013'),
('ODETAIL099', 'PRO012', 4, 'ORD016'),
('ODETAIL100', 'PRO001', 5, 'ORD016'),
('ODETAIL101', 'PRO016', 3, 'ORD014'),
('ODETAIL102', 'PRO015', 1, 'ORD011'),
('ODETAIL103', 'PRO020', 2, 'ORD011'),
('ODETAIL104', 'PRO012', 3, 'ORD014'),
('ODETAIL105', 'PRO009', 4, 'ORD014'),
('ODETAIL106', 'PRO010', 5, 'ORD013'),
('ODETAIL107', 'PRO001', 6, 'ORD014'),
('ODETAIL108', 'PRO019', 1, 'ORD013'),
('ODETAIL109', 'PRO003', 2, 'ORD011'),
('ODETAIL110', 'PRO005', 1, 'ORD014'), 
('ODETAIL111', 'PRO003', 1, 'ORD013'), 
('ODETAIL112', 'PRO001', 1, 'ORD011'), 
('ODETAIL113', 'PRO015', 2, 'ORD011'), 
('ODETAIL114', 'PRO019', 3, 'ORD017'), 
('ODETAIL115', 'PRO020', 3, 'ORD017'), 
('ODETAIL116', 'PRO021', 3, 'ORD017'), 
('ODETAIL117', 'PRO001', 3, 'ORD018'), 
('ODETAIL118', 'PRO002', 3, 'ORD018'), 
('ODETAIL119', 'PRO003', 3, 'ORD018'), 
('ODETAIL120', 'PRO004', 4, 'ORD019'), 
('ODETAIL121', 'PRO005', 4, 'ORD019'), 
('ODETAIL122', 'PRO006', 4, 'ORD019'),
('ODETAIL123', 'PRO007', 4, 'ORD020'),
('ODETAIL124', 'PRO008', 4, 'ORD020'),
('ODETAIL125', 'PRO009', 4, 'ORD020'),
('ODETAIL126', 'PRO010', 1, 'ORD021'),
('ODETAIL127', 'PRO017', 1, 'ORD021'),
('ODETAIL128', 'PRO018', 1, 'ORD021'),
('ODETAIL129', 'PRO016', 1, 'ORD022'),
('ODETAIL130', 'PRO017', 1, 'ORD022'),
('ODETAIL131', 'PRO018', 5, 'ORD022'),
('ODETAIL132', 'PRO010', 5, 'ORD023'),
('ODETAIL133', 'PRO011', 5, 'ORD023'),
('ODETAIL134', 'PRO011', 5, 'ORD023'),
('ODETAIL135', 'PRO012', 2, 'ORD024'),
('ODETAIL136', 'PRO014', 2, 'ORD024'),
('ODETAIL137', 'PRO021', 2, 'ORD024'),
('ODETAIL138', 'PRO021', 2, 'ORD025'),
('ODETAIL139', 'PRO020', 2, 'ORD025'),
('ODETAIL140', 'PRO018', 2, 'ORD025'),
('ODETAIL141', 'PRO016', 2, 'ORD026'),
('ODETAIL142', 'PRO017', 4, 'ORD026'),
('ODETAIL143', 'PRO021', 4, 'ORD026'),
('ODETAIL144', 'PRO021', 4, 'ORD027'),
('ODETAIL145', 'PRO021', 4, 'ORD027'),
('ODETAIL146', 'PRO020', 4, 'ORD027'),
('ODETAIL147', 'PRO016', 4, 'ORD028'),
('ODETAIL148', 'PRO020', 2, 'ORD028'),
('ODETAIL149', 'PRO020', 2, 'ORD028'),
('ODETAIL150', 'PRO010', 2, 'ORD029'),
('ODETAIL151', 'PRO009', 2, 'ORD029'),
('ODETAIL152', 'PRO008', 3, 'ORD029'),
('ODETAIL153', 'PRO007', 3, 'ORD030'),
('ODETAIL154', 'PRO006', 3, 'ORD030'),
('ODETAIL155', 'PRO005', 3, 'ORD030'),
('ODETAIL156', 'PRO004', 1, 'ORD031'),
('ODETAIL157', 'PRO003', 5, 'ORD031'),
('ODETAIL158', 'PRO021', 5, 'ORD031'),
('ODETAIL159', 'PRO018', 2, 'ORD032'),
('ODETAIL160', 'PRO019', 3, 'ORD033'),
('ODETAIL161', 'PRO020', 1, 'ORD034'),
('ODETAIL162', 'PRO021', 4, 'ORD035'),
('ODETAIL163', 'PRO001', 5, 'ORD036'),
('ODETAIL164', 'PRO002', 1, 'ORD037'),
('ODETAIL165', 'PRO003', 2, 'ORD038'),
('ODETAIL166', 'PRO004', 3, 'ORD039'),
('ODETAIL167', 'PRO005', 2, 'ORD040'),
('ODETAIL168', 'PRO006', 1, 'ORD041'),
('ODETAIL169', 'PRO007', 2, 'ORD042'),
('ODETAIL170', 'PRO008', 3, 'ORD043'),
('ODETAIL171', 'PRO009', 4, 'ORD044'),
('ODETAIL172', 'PRO010', 3, 'ORD045'),
('ODETAIL173', 'PRO011', 4, 'ORD046'),
('ODETAIL174', 'PRO012', 1, 'ORD040'),
('ODETAIL175', 'PRO013', 2, 'ORD041'),
('ODETAIL176', 'PRO014', 3, 'ORD046'),
('ODETAIL177', 'PRO015', 1, 'ORD044'),
('ODETAIL178', 'PRO016', 1, 'ORD042'),
('ODETAIL179', 'PRO017', 2, 'ORD041'),
('ODETAIL180', 'PRO018', 2, 'ORD041'),
('ODETAIL181', 'PRO019', 3, 'ORD040'),
('ODETAIL182', 'PRO020', 3, 'ORD047'),
('ODETAIL183', 'PRO021', 1, 'ORD046'),
('ODETAIL184', 'PRO001', 2, 'ORD044'),
('ODETAIL185', 'PRO002', 3, 'ORD041'),
('ODETAIL186', 'PRO008', 4, 'ORD045'),
('ODETAIL187', 'PRO009', 5, 'ORD032'),
('ODETAIL188', 'PRO004', 1, 'ORD032'),
('ODETAIL189', 'PRO001', 2, 'ORD032'),
('ODETAIL190', 'PRO019', 1, 'ORD033'),
('ODETAIL191', 'PRO021', 2, 'ORD033'),
('ODETAIL192', 'PRO010', 4, 'ORD034'),
('ODETAIL193', 'PRO020', 2, 'ORD034'),
('ODETAIL194', 'PRO007', 3, 'ORD035'),
('ODETAIL195', 'PRO018', 1, 'ORD035'),
('ODETAIL196', 'PRO015', 2, 'ORD036'),
('ODETAIL197', 'PRO014', 3, 'ORD036'),
('ODETAIL198', 'PRO013', 4, 'ORD037'),
('ODETAIL199', 'PRO012', 5, 'ORD037'),
('ODETAIL200', 'PRO011', 3, 'ORD038'),
('ODETAIL201', 'PRO009', 2, 'ORD038'),
('ODETAIL202', 'PRO001', 3, 'ORD039'),
('ODETAIL203', 'PRO010', 3, 'ORD039'),
('ODETAIL204', 'PRO012', 3, 'ORD047'),
('ODETAIL205', 'PRO003', 2, 'ORD047'),
('ODETAIL206', 'PRO005', 2, 'ORD047'),
('ODETAIL207', 'PRO014', 2, 'ORD048'),
('ODETAIL208', 'PRO021', 2, 'ORD048'),
('ODETAIL209', 'PRO005', 3, 'ORD048'),
('ODETAIL210', 'PRO003', 4, 'ORD049'),
('ODETAIL211', 'PRO009', 5, 'ORD049'),
('ODETAIL212', 'PRO007', 1, 'ORD049'),
('ODETAIL213', 'PRO011', 1, 'ORD050'),
('ODETAIL214', 'PRO012', 2, 'ORD050'),
('ODETAIL215', 'PRO013', 3, 'ORD050'),
('ODETAIL216', 'PRO003', 2, 'ORD051'),
('ODETAIL217', 'PRO001', 2, 'ORD051'),
('ODETAIL218', 'PRO015', 3, 'ORD051'),
('ODETAIL219', 'PRO016', 2, 'ORD052'),
('ODETAIL220', 'PRO018', 3, 'ORD052'),
('ODETAIL221', 'PRO019', 2, 'ORD053'), 
('ODETAIL222', 'PRO016', 4, 'ORD053'), 
('ODETAIL223', 'PRO015', 1, 'ORD054'), 
('ODETAIL224', 'PRO020', 1, 'ORD055'), 
('ODETAIL225', 'PRO021', 2, 'ORD055'), 
('ODETAIL226', 'PRO016', 3, 'ORD055'), 
('ODETAIL227', 'PRO013', 2, 'ORD056'), 
('ODETAIL228', 'PRO006', 3, 'ORD056'), 
('ODETAIL229', 'PRO009', 4, 'ORD056'), 
('ODETAIL230', 'PRO008', 1, 'ORD057'), 
('ODETAIL231', 'PRO007', 1, 'ORD057'), 
('ODETAIL232', 'PRO014', 2, 'ORD057'), 
('ODETAIL233', 'PRO016', 3, 'ORD058'), 
('ODETAIL234', 'PRO013', 2, 'ORD058'), 
('ODETAIL235', 'PRO011', 1, 'ORD058'), 
('ODETAIL236', 'PRO015', 2, 'ORD059'), 
('ODETAIL237', 'PRO013', 3, 'ORD059'), 
('ODETAIL238', 'PRO014', 4, 'ORD059'),
('ODETAIL239', 'PRO014', 1, 'ORD053'),
('ODETAIL240', 'PRO012', 2, 'ORD053'),
('ODETAIL241', 'PRO015', 3, 'ORD051'),
('ODETAIL242', 'PRO021', 4, 'ORD051'),
('ODETAIL243', 'PRO002', 2, 'ORD060'),
('ODETAIL244', 'PRO003', 2, 'ORD060'),
('ODETAIL245', 'PRO004', 1, 'ORD060');
